Scenario,AdvObject,Behavior Description,Behavior Snippet,Geometry Description,Geometry Snippet,Spawn Description,Spawn Snippet,Success
The ego vehicle is driving on a straight road when a pedestrian suddenly crosses from the right front and suddenly stops as the ego vehicle approaches.,Pedestrian,The adversarial pedestrian suddenly crosses from the right front and suddenly stops as the ego vehicle approaches.,"behavior AdvBehavior():
    while (distance from self to egoTrajectory) > globalParameters.OPT_ADV_DISTANCE:
        wait
    do CrossingBehavior(ego, globalParameters.OPT_ADV_SPEED, globalParameters.OPT_ADV_DISTANCE) until (distance from self to egoTrajectory) < globalParameters.OPT_STOP_DISTANCE
    take SetWalkingSpeedAction(0)

param OPT_ADV_SPEED = Range(0, 5)
param OPT_ADV_DISTANCE = Range(0, 15)
param OPT_STOP_DISTANCE = Range(0, 1)",A straight road.,"Town = 'Town03'
# Identifying lane sections with no adjacent lanes
laneSecsWithNoAdjacent = []
for lane in network.lanes:
    for laneSec in lane.sections:
        if laneSec._laneToLeft is None and laneSec._laneToRight is None:
            laneSecsWithNoAdjacent.append(laneSec)

# Selecting a random lane section from identified sections for the ego vehicle
egoLaneSec = Uniform(*laneSecsWithNoAdjacent)
egoSpawnPt = OrientedPoint in egoLaneSec.centerline

# Ego vehicle setup
ego = Car at egoSpawnPt,
    with regionContainedIn None,
    with blueprint EGO_MODEL",The adversarial agent spawns from the right front of the ego vehicle on the same straight road.,"param OPT_GEO_X_DISTANCE = Range(2, 8)
param OPT_GEO_Y_DISTANCE = Range(15, 50)

IntSpawnPt = OrientedPoint following roadDirection from egoSpawnPt for globalParameters.OPT_GEO_Y_DISTANCE
AdvAgent = {AdvObject} right of IntSpawnPt by globalParameters.OPT_GEO_X_DISTANCE,
    with heading IntSpawnPt.heading - 90 deg,  # Heading perpendicular to the road, adjusted for left crossing
    with regionContainedIn None,
    with behavior AdvBehavior()",1
